<?xml version="1.0" encoding="UTF-8"?>
<project-private xmlns="http://www.netbeans.org/ns/project-private/1">
    <editor-bookmarks xmlns="http://www.netbeans.org/ns/editor-bookmarks/2" lastBookmarkId="0"/>
    <open-files xmlns="http://www.netbeans.org/ns/projectui-open-files/2">
        <group>
            <file>file:/C:/Users/Ruanc/Documents/SPTECH/2º%20SEM/LP/projeto-individual-ruan-rodrigues/src/projeto/individual/ruan/rodrigues/ProjetoIndividual.java</file>
            <file>file:/C:/Users/Ruanc/Documents/SPTECH/2º%20SEM/LP/projeto-individual-ruan-rodrigues/src/projeto/individual/ruan/rodrigues/MenuMethods.java</file>
        </group>
    </open-files>
</project-private>
